"","Location","slope_pos","date","week","year"
"1","CA",0,2022-06-11,24,2022
"2","CA",1,2022-06-25,26,2022
"3","CA",1,2022-07-09,28,2022
"4","CA",1,2022-07-23,30,2022
"5","CA",1,2022-08-06,32,2022
"6","CA",1,2022-08-20,34,2022
"7","CA",0,2022-09-03,36,2022
"8","CA",0,2022-09-17,38,2022
"9","CA",0,2022-10-01,40,2022
"10","CA",0,2022-10-15,42,2022
"11","CA",0,2022-10-29,44,2022
"12","CA",0,2022-11-12,46,2022
"13","CA",0,2022-11-26,48,2022
"14","CA",0,2022-12-10,50,2022
"15","CA",0,2022-12-24,52,2022
"16","CA",0,2023-12-09,50,2023
"17","CA",1,2023-12-23,52,2023
"18","CA",1,2024-01-06,1,2024
"19","CA",1,2024-01-20,3,2024
"20","CA",0,2024-02-03,5,2024
"21","CA",0,2024-02-17,7,2024
"22","CA",0,2024-03-02,9,2024
"23","CA",0,2024-03-16,11,2024
"24","CA",0,2024-03-30,13,2024
"25","CA",0,2024-04-13,15,2024
"26","CA",0,2024-04-27,17,2024
"27","CA",0,2024-05-11,19,2024
"28","CA",0,2024-05-25,21,2024
"29","CA",0,2024-06-08,23,2024
"30","CA",0,2023-01-21,4,2023
"31","CA",1,2023-02-04,6,2023
"32","CA",1,2023-02-18,8,2023
"33","CA",1,2023-03-04,10,2023
"34","CA",1,2023-03-18,12,2023
"35","CA",1,2023-04-01,14,2023
"36","CA",1,2023-04-15,16,2023
"37","CA",0,2023-04-29,18,2023
"38","CA",0,2023-05-13,20,2023
"39","CA",0,2023-05-27,22,2023
"40","CA",0,2023-06-10,24,2023
"41","CA",0,2023-06-24,26,2023
"42","CA",0,2023-07-08,28,2023
"43","CA",0,2023-07-22,30,2023
"44","CA",0,2023-08-05,32,2023
"45","CA",0,2023-08-19,34,2023
"46","CA",1,2022-06-18,25,2022
"47","CA",1,2022-07-02,27,2022
"48","CA",1,2022-07-16,29,2022
"49","CA",1,2022-07-30,31,2022
"50","CA",1,2022-08-13,33,2022
"51","CA",1,2022-08-27,35,2022
"52","CA",0,2022-09-10,37,2022
"53","CA",0,2022-09-24,39,2022
"54","CA",0,2022-10-08,41,2022
"55","CA",0,2022-10-22,43,2022
"56","CA",0,2022-11-05,45,2022
"57","CA",0,2022-11-19,47,2022
"58","CA",0,2022-12-03,49,2022
"59","CA",0,2022-12-17,51,2022
"60","CA",1,2023-12-16,51,2023
"61","CA",1,2023-12-30,53,2023
"62","CA",1,2024-01-13,2,2024
"63","CA",1,2024-01-27,4,2024
"64","CA",0,2024-02-10,6,2024
"65","CA",0,2024-02-24,8,2024
"66","CA",0,2024-03-09,10,2024
"67","CA",0,2024-03-23,12,2024
"68","CA",0,2024-04-06,14,2024
"69","CA",0,2024-04-20,16,2024
"70","CA",0,2024-05-04,18,2024
"71","CA",0,2024-05-18,20,2024
"72","CA",0,2024-06-01,22,2024
"73","CA",1,2023-01-28,5,2023
"74","CA",1,2023-02-11,7,2023
"75","CA",1,2023-02-25,9,2023
"76","CA",1,2023-03-11,11,2023
"77","CA",1,2023-03-25,13,2023
"78","CA",1,2023-04-08,15,2023
"79","CA",0,2023-04-22,17,2023
"80","CA",0,2023-05-06,19,2023
"81","CA",0,2023-05-20,21,2023
"82","CA",0,2023-06-03,23,2023
"83","CA",0,2023-06-17,25,2023
"84","CA",0,2023-07-01,27,2023
"85","CA",0,2023-07-15,29,2023
"86","CA",0,2023-07-29,31,2023
"87","CA",0,2023-08-12,33,2023
"88","CO",0,2022-06-11,24,2022
"89","CO",1,2022-06-25,26,2022
"90","CO",1,2022-07-09,28,2022
"91","CO",1,2022-07-23,30,2022
"92","CO",1,2022-08-06,32,2022
"93","CO",1,2022-08-20,34,2022
"94","CO",1,2022-09-03,36,2022
"95","CO",0,2022-09-17,38,2022
"96","CO",0,2022-10-01,40,2022
"97","CO",0,2022-10-15,42,2022
"98","CO",0,2022-10-29,44,2022
"99","CO",0,2022-11-12,46,2022
"100","CO",0,2022-11-26,48,2022
"101","CO",0,2022-12-10,50,2022
"102","CO",0,2022-12-24,52,2022
"103","CO",0,2023-01-07,2,2023
"104","CO",0,2023-01-21,4,2023
"105","CO",0,2023-12-09,50,2023
"106","CO",1,2023-12-23,52,2023
"107","CO",1,2024-01-06,1,2024
"108","CO",1,2024-01-20,3,2024
"109","CO",0,2024-02-03,5,2024
"110","CO",0,2024-02-17,7,2024
"111","CO",0,2024-03-02,9,2024
"112","CO",0,2024-03-16,11,2024
"113","CO",0,2024-03-30,13,2024
"114","CO",0,2024-04-13,15,2024
"115","CO",0,2024-04-27,17,2024
"116","CO",0,2024-05-11,19,2024
"117","CO",0,2024-05-25,21,2024
"118","CO",0,2023-01-21,4,2023
"119","CO",1,2023-02-04,6,2023
"120","CO",1,2023-02-18,8,2023
"121","CO",1,2023-03-04,10,2023
"122","CO",1,2023-03-18,12,2023
"123","CO",0,2023-04-01,14,2023
"124","CO",1,2023-04-15,16,2023
"125","CO",0,2023-04-29,18,2023
"126","CO",0,2023-05-13,20,2023
"127","CO",0,2023-05-27,22,2023
"128","CO",0,2023-06-10,24,2023
"129","CO",0,2023-06-24,26,2023
"130","CO",0,2023-07-08,28,2023
"131","CO",0,2023-07-22,30,2023
"132","CO",1,2022-06-18,25,2022
"133","CO",1,2022-07-02,27,2022
"134","CO",1,2022-07-16,29,2022
"135","CO",1,2022-07-30,31,2022
"136","CO",1,2022-08-13,33,2022
"137","CO",1,2022-08-27,35,2022
"138","CO",0,2022-09-10,37,2022
"139","CO",0,2022-09-24,39,2022
"140","CO",0,2022-10-08,41,2022
"141","CO",0,2022-10-22,43,2022
"142","CO",0,2022-11-05,45,2022
"143","CO",0,2022-11-19,47,2022
"144","CO",0,2022-12-03,49,2022
"145","CO",0,2022-12-17,51,2022
"146","CO",0,2022-12-31,53,2022
"147","CO",0,2023-01-14,3,2023
"148","CO",1,2023-12-16,51,2023
"149","CO",1,2023-12-30,53,2023
"150","CO",1,2024-01-13,2,2024
"151","CO",1,2024-01-27,4,2024
"152","CO",0,2024-02-10,6,2024
"153","CO",0,2024-02-24,8,2024
"154","CO",0,2024-03-09,10,2024
"155","CO",0,2024-03-23,12,2024
"156","CO",0,2024-04-06,14,2024
"157","CO",0,2024-04-20,16,2024
"158","CO",0,2024-05-04,18,2024
"159","CO",0,2024-05-18,20,2024
"160","CO",1,2023-01-28,5,2023
"161","CO",1,2023-02-11,7,2023
"162","CO",1,2023-02-25,9,2023
"163","CO",1,2023-03-11,11,2023
"164","CO",0,2023-03-25,13,2023
"165","CO",0,2023-04-08,15,2023
"166","CO",0,2023-04-22,17,2023
"167","CO",0,2023-05-06,19,2023
"168","CO",0,2023-05-20,21,2023
"169","CO",0,2023-06-03,23,2023
"170","CO",0,2023-06-17,25,2023
"171","CO",0,2023-07-01,27,2023
"172","CO",0,2023-07-15,29,2023
"173","CT",0,2022-06-11,24,2022
"174","CT",1,2022-06-25,26,2022
"175","CT",1,2022-07-09,28,2022
"176","CT",1,2022-07-23,30,2022
"177","CT",1,2022-08-06,32,2022
"178","CT",1,2022-08-20,34,2022
"179","CT",1,2022-09-03,36,2022
"180","CT",0,2022-09-17,38,2022
"181","CT",0,2022-10-01,40,2022
"182","CT",0,2022-10-15,42,2022
"183","CT",0,2022-10-29,44,2022
"184","CT",0,2022-11-12,46,2022
"185","CT",0,2022-11-26,48,2022
"186","CT",0,2022-12-10,50,2022
"187","CT",0,2022-12-24,52,2022
"188","CT",0,2023-11-25,48,2023
"189","CT",1,2023-12-09,50,2023
"190","CT",1,2023-12-23,52,2023
"191","CT",1,2024-01-06,1,2024
"192","CT",1,2024-01-20,3,2024
"193","CT",0,2024-02-03,5,2024
"194","CT",0,2024-02-17,7,2024
"195","CT",0,2024-03-02,9,2024
"196","CT",0,2024-03-16,11,2024
"197","CT",0,2024-03-30,13,2024
"198","CT",0,2024-04-13,15,2024
"199","CT",0,2024-04-27,17,2024
"200","CT",0,2024-05-11,19,2024
"201","CT",0,2024-05-25,21,2024
"202","CT",0,2024-06-08,23,2024
"203","CT",0,2022-12-10,50,2022
"204","CT",1,2022-12-24,52,2022
"205","CT",1,2023-01-07,2,2023
"206","CT",1,2023-01-21,4,2023
"207","CT",1,2023-02-04,6,2023
"208","CT",1,2023-02-18,8,2023
"209","CT",0,2023-03-04,10,2023
"210","CT",0,2023-03-18,12,2023
"211","CT",0,2023-04-01,14,2023
"212","CT",0,2023-04-15,16,2023
"213","CT",0,2023-04-29,18,2023
"214","CT",0,2023-05-13,20,2023
"215","CT",0,2023-05-27,22,2023
"216","CT",0,2023-06-10,24,2023
"217","CT",0,2023-06-24,26,2023
"218","CT",0,2023-07-08,28,2023
"219","CT",0,2023-07-22,30,2023
"220","CT",0,2023-08-05,32,2023
"221","CT",1,2022-06-18,25,2022
"222","CT",1,2022-07-02,27,2022
"223","CT",1,2022-07-16,29,2022
"224","CT",1,2022-07-30,31,2022
"225","CT",1,2022-08-13,33,2022
"226","CT",1,2022-08-27,35,2022
"227","CT",0,2022-09-10,37,2022
"228","CT",0,2022-09-24,39,2022
"229","CT",0,2022-10-08,41,2022
"230","CT",0,2022-10-22,43,2022
"231","CT",0,2022-11-05,45,2022
"232","CT",0,2022-11-19,47,2022
"233","CT",0,2022-12-03,49,2022
"234","CT",0,2022-12-17,51,2022
"235","CT",1,2023-12-02,49,2023
"236","CT",1,2023-12-16,51,2023
"237","CT",1,2023-12-30,53,2023
"238","CT",1,2024-01-13,2,2024
"239","CT",1,2024-01-27,4,2024
"240","CT",0,2024-02-10,6,2024
"241","CT",0,2024-02-24,8,2024
"242","CT",0,2024-03-09,10,2024
"243","CT",0,2024-03-23,12,2024
"244","CT",0,2024-04-06,14,2024
"245","CT",0,2024-04-20,16,2024
"246","CT",0,2024-05-04,18,2024
"247","CT",0,2024-05-18,20,2024
"248","CT",0,2024-06-01,22,2024
"249","CT",1,2022-12-17,51,2022
"250","CT",1,2022-12-31,53,2022
"251","CT",1,2023-01-14,3,2023
"252","CT",1,2023-01-28,5,2023
"253","CT",1,2023-02-11,7,2023
"254","CT",1,2023-02-25,9,2023
"255","CT",0,2023-03-11,11,2023
"256","CT",0,2023-03-25,13,2023
"257","CT",0,2023-04-08,15,2023
"258","CT",0,2023-04-22,17,2023
"259","CT",0,2023-05-06,19,2023
"260","CT",0,2023-05-20,21,2023
"261","CT",0,2023-06-03,23,2023
"262","CT",0,2023-06-17,25,2023
"263","CT",0,2023-07-01,27,2023
"264","CT",0,2023-07-15,29,2023
"265","CT",0,2023-07-29,31,2023
"266","GA",0,2022-06-11,24,2022
"267","GA",1,2022-06-25,26,2022
"268","GA",1,2022-07-09,28,2022
"269","GA",1,2022-07-23,30,2022
"270","GA",1,2022-08-06,32,2022
"271","GA",1,2022-08-20,34,2022
"272","GA",0,2022-09-03,36,2022
"273","GA",0,2022-09-17,38,2022
"274","GA",0,2022-10-01,40,2022
"275","GA",0,2022-10-15,42,2022
"276","GA",0,2022-10-29,44,2022
"277","GA",0,2022-11-12,46,2022
"278","GA",0,2022-11-26,48,2022
"279","GA",0,2022-12-10,50,2022
"280","GA",0,2022-12-24,52,2022
"281","GA",0,2023-12-09,50,2023
"282","GA",1,2023-12-23,52,2023
"283","GA",1,2024-01-06,1,2024
"284","GA",1,2024-01-20,3,2024
"285","GA",0,2024-02-03,5,2024
"286","GA",0,2024-02-17,7,2024
"287","GA",0,2024-03-02,9,2024
"288","GA",0,2024-03-16,11,2024
"289","GA",0,2024-03-30,13,2024
"290","GA",0,2024-04-13,15,2024
"291","GA",0,2024-04-27,17,2024
"292","GA",0,2024-05-11,19,2024
"293","GA",0,2023-01-07,2,2023
"294","GA",1,2023-01-21,4,2023
"295","GA",1,2023-02-04,6,2023
"296","GA",1,2023-02-18,8,2023
"297","GA",1,2023-03-04,10,2023
"298","GA",1,2023-03-18,12,2023
"299","GA",1,2023-04-01,14,2023
"300","GA",0,2023-04-15,16,2023
"301","GA",0,2023-04-29,18,2023
"302","GA",0,2023-05-13,20,2023
"303","GA",0,2023-05-27,22,2023
"304","GA",0,2023-06-10,24,2023
"305","GA",0,2023-06-24,26,2023
"306","GA",0,2023-07-08,28,2023
"307","GA",0,2023-07-22,30,2023
"308","GA",0,2023-08-05,32,2023
"309","GA",1,2022-06-18,25,2022
"310","GA",1,2022-07-02,27,2022
"311","GA",1,2022-07-16,29,2022
"312","GA",1,2022-07-30,31,2022
"313","GA",1,2022-08-13,33,2022
"314","GA",1,2022-08-27,35,2022
"315","GA",0,2022-09-10,37,2022
"316","GA",0,2022-09-24,39,2022
"317","GA",0,2022-10-08,41,2022
"318","GA",0,2022-10-22,43,2022
"319","GA",0,2022-11-05,45,2022
"320","GA",0,2022-11-19,47,2022
"321","GA",0,2022-12-03,49,2022
"322","GA",0,2022-12-17,51,2022
"323","GA",1,2023-12-16,51,2023
"324","GA",1,2023-12-30,53,2023
"325","GA",1,2024-01-13,2,2024
"326","GA",1,2024-01-27,4,2024
"327","GA",0,2024-02-10,6,2024
"328","GA",0,2024-02-24,8,2024
"329","GA",0,2024-03-09,10,2024
"330","GA",0,2024-03-23,12,2024
"331","GA",0,2024-04-06,14,2024
"332","GA",0,2024-04-20,16,2024
"333","GA",0,2024-05-04,18,2024
"334","GA",1,2023-01-14,3,2023
"335","GA",1,2023-01-28,5,2023
"336","GA",1,2023-02-11,7,2023
"337","GA",1,2023-02-25,9,2023
"338","GA",1,2023-03-11,11,2023
"339","GA",1,2023-03-25,13,2023
"340","GA",0,2023-04-08,15,2023
"341","GA",0,2023-04-22,17,2023
"342","GA",0,2023-05-06,19,2023
"343","GA",0,2023-05-20,21,2023
"344","GA",0,2023-06-03,23,2023
"345","GA",0,2023-06-17,25,2023
"346","GA",0,2023-07-01,27,2023
"347","GA",0,2023-07-15,29,2023
"348","GA",0,2023-07-29,31,2023
"349","MD",0,2022-06-25,26,2022
"350","MD",1,2022-07-09,28,2022
"351","MD",1,2022-07-23,30,2022
"352","MD",1,2022-08-06,32,2022
"353","MD",1,2022-08-20,34,2022
"354","MD",0,2022-09-03,36,2022
"355","MD",0,2022-09-17,38,2022
"356","MD",0,2022-10-01,40,2022
"357","MD",0,2022-10-15,42,2022
"358","MD",0,2022-10-29,44,2022
"359","MD",0,2022-11-12,46,2022
"360","MD",0,2022-11-26,48,2022
"361","MD",0,2022-12-10,50,2022
"362","MD",0,2022-12-24,52,2022
"363","MD",0,2023-12-09,50,2023
"364","MD",1,2023-12-23,52,2023
"365","MD",1,2024-01-06,1,2024
"366","MD",1,2024-01-20,3,2024
"367","MD",0,2024-02-03,5,2024
"368","MD",0,2024-02-17,7,2024
"369","MD",0,2024-03-02,9,2024
"370","MD",0,2024-03-16,11,2024
"371","MD",0,2024-03-30,13,2024
"372","MD",0,2024-04-13,15,2024
"373","MD",0,2024-04-27,17,2024
"374","MD",0,2024-05-11,19,2024
"375","MD",0,2024-05-25,21,2024
"376","MD",0,2024-06-08,23,2024
"377","MD",0,2024-06-22,25,2024
"378","MD",0,2022-12-24,52,2022
"379","MD",1,2023-01-07,2,2023
"380","MD",1,2023-01-21,4,2023
"381","MD",1,2023-02-04,6,2023
"382","MD",1,2023-02-18,8,2023
"383","MD",1,2023-03-04,10,2023
"384","MD",1,2023-03-18,12,2023
"385","MD",0,2023-04-01,14,2023
"386","MD",0,2023-04-15,16,2023
"387","MD",0,2023-04-29,18,2023
"388","MD",0,2023-05-13,20,2023
"389","MD",0,2023-05-27,22,2023
"390","MD",0,2023-06-10,24,2023
"391","MD",0,2023-06-24,26,2023
"392","MD",0,2023-07-08,28,2023
"393","MD",0,2023-07-22,30,2023
"394","MD",0,2023-08-05,32,2023
"395","MD",1,2022-07-02,27,2022
"396","MD",1,2022-07-16,29,2022
"397","MD",1,2022-07-30,31,2022
"398","MD",1,2022-08-13,33,2022
"399","MD",1,2022-08-27,35,2022
"400","MD",0,2022-09-10,37,2022
"401","MD",0,2022-09-24,39,2022
"402","MD",0,2022-10-08,41,2022
"403","MD",0,2022-10-22,43,2022
"404","MD",0,2022-11-05,45,2022
"405","MD",0,2022-11-19,47,2022
"406","MD",0,2022-12-03,49,2022
"407","MD",0,2022-12-17,51,2022
"408","MD",1,2023-12-16,51,2023
"409","MD",1,2023-12-30,53,2023
"410","MD",1,2024-01-13,2,2024
"411","MD",1,2024-01-27,4,2024
"412","MD",0,2024-02-10,6,2024
"413","MD",0,2024-02-24,8,2024
"414","MD",0,2024-03-09,10,2024
"415","MD",0,2024-03-23,12,2024
"416","MD",0,2024-04-06,14,2024
"417","MD",0,2024-04-20,16,2024
"418","MD",0,2024-05-04,18,2024
"419","MD",0,2024-05-18,20,2024
"420","MD",0,2024-06-01,22,2024
"421","MD",0,2024-06-15,24,2024
"422","MD",1,2022-12-31,53,2022
"423","MD",1,2023-01-14,3,2023
"424","MD",1,2023-01-28,5,2023
"425","MD",1,2023-02-11,7,2023
"426","MD",1,2023-02-25,9,2023
"427","MD",1,2023-03-11,11,2023
"428","MD",0,2023-03-25,13,2023
"429","MD",0,2023-04-08,15,2023
"430","MD",0,2023-04-22,17,2023
"431","MD",0,2023-05-06,19,2023
"432","MD",0,2023-05-20,21,2023
"433","MD",0,2023-06-03,23,2023
"434","MD",0,2023-06-17,25,2023
"435","MD",0,2023-07-01,27,2023
"436","MD",0,2023-07-15,29,2023
"437","MD",0,2023-07-29,31,2023
"438","MI",0,2022-06-11,24,2022
"439","MI",1,2022-06-25,26,2022
"440","MI",1,2022-07-09,28,2022
"441","MI",1,2022-07-23,30,2022
"442","MI",1,2022-08-06,32,2022
"443","MI",1,2022-08-20,34,2022
"444","MI",1,2022-09-03,36,2022
"445","MI",0,2022-09-17,38,2022
"446","MI",0,2022-10-01,40,2022
"447","MI",0,2022-10-15,42,2022
"448","MI",0,2022-10-29,44,2022
"449","MI",0,2022-11-12,46,2022
"450","MI",0,2022-11-26,48,2022
"451","MI",0,2022-12-10,50,2022
"452","MI",0,2022-12-24,52,2022
"453","MI",0,2023-01-07,2,2023
"454","MI",0,2023-12-09,50,2023
"455","MI",1,2023-12-23,52,2023
"456","MI",1,2024-01-06,1,2024
"457","MI",1,2024-01-20,3,2024
"458","MI",0,2024-02-03,5,2024
"459","MI",0,2024-02-17,7,2024
"460","MI",0,2024-03-02,9,2024
"461","MI",0,2024-03-16,11,2024
"462","MI",0,2024-03-30,13,2024
"463","MI",0,2024-04-13,15,2024
"464","MI",0,2024-04-27,17,2024
"465","MI",0,2024-05-11,19,2024
"466","MI",0,2024-06-08,23,2024
"467","MI",0,2024-06-22,25,2024
"468","MI",0,2023-01-21,4,2023
"469","MI",1,2023-02-04,6,2023
"470","MI",1,2023-02-18,8,2023
"471","MI",1,2023-03-04,10,2023
"472","MI",1,2023-03-18,12,2023
"473","MI",0,2023-04-01,14,2023
"474","MI",0,2023-04-15,16,2023
"475","MI",0,2023-04-29,18,2023
"476","MI",0,2023-05-13,20,2023
"477","MI",0,2023-05-27,22,2023
"478","MI",0,2023-06-10,24,2023
"479","MI",0,2023-06-24,26,2023
"480","MI",0,2023-07-08,28,2023
"481","MI",0,2023-07-22,30,2023
"482","MI",0,2023-08-05,32,2023
"483","MI",1,2022-06-18,25,2022
"484","MI",1,2022-07-02,27,2022
"485","MI",1,2022-07-16,29,2022
"486","MI",1,2022-07-30,31,2022
"487","MI",1,2022-08-13,33,2022
"488","MI",1,2022-08-27,35,2022
"489","MI",0,2022-09-10,37,2022
"490","MI",0,2022-09-24,39,2022
"491","MI",0,2022-10-08,41,2022
"492","MI",0,2022-10-22,43,2022
"493","MI",0,2022-11-05,45,2022
"494","MI",0,2022-11-19,47,2022
"495","MI",0,2022-12-03,49,2022
"496","MI",0,2022-12-17,51,2022
"497","MI",0,2022-12-31,53,2022
"498","MI",1,2023-12-16,51,2023
"499","MI",1,2023-12-30,53,2023
"500","MI",1,2024-01-13,2,2024
"501","MI",1,2024-01-27,4,2024
"502","MI",0,2024-02-10,6,2024
"503","MI",0,2024-02-24,8,2024
"504","MI",0,2024-03-09,10,2024
"505","MI",0,2024-03-23,12,2024
"506","MI",0,2024-04-06,14,2024
"507","MI",0,2024-04-20,16,2024
"508","MI",0,2024-05-04,18,2024
"509","MI",0,2024-06-01,22,2024
"510","MI",0,2024-06-15,24,2024
"511","MI",1,2023-01-28,5,2023
"512","MI",1,2023-02-11,7,2023
"513","MI",1,2023-02-25,9,2023
"514","MI",1,2023-03-11,11,2023
"515","MI",1,2023-03-25,13,2023
"516","MI",0,2023-04-08,15,2023
"517","MI",0,2023-04-22,17,2023
"518","MI",0,2023-05-06,19,2023
"519","MI",0,2023-05-20,21,2023
"520","MI",0,2023-06-03,23,2023
"521","MI",0,2023-06-17,25,2023
"522","MI",0,2023-07-01,27,2023
"523","MI",0,2023-07-15,29,2023
"524","MI",0,2023-07-29,31,2023
"525","MN",0,2022-06-11,24,2022
"526","MN",1,2022-06-25,26,2022
"527","MN",1,2022-07-09,28,2022
"528","MN",1,2022-07-23,30,2022
"529","MN",1,2022-08-06,32,2022
"530","MN",1,2022-08-20,34,2022
"531","MN",1,2022-09-03,36,2022
"532","MN",0,2022-09-17,38,2022
"533","MN",0,2022-10-01,40,2022
"534","MN",0,2022-10-15,42,2022
"535","MN",0,2022-10-29,44,2022
"536","MN",0,2022-11-12,46,2022
"537","MN",0,2022-11-26,48,2022
"538","MN",0,2022-12-10,50,2022
"539","MN",0,2022-12-24,52,2022
"540","MN",0,2023-01-07,2,2023
"541","MN",0,2023-12-09,50,2023
"542","MN",1,2023-12-23,52,2023
"543","MN",1,2024-01-06,1,2024
"544","MN",1,2024-01-20,3,2024
"545","MN",0,2024-02-03,5,2024
"546","MN",0,2024-02-17,7,2024
"547","MN",0,2024-03-02,9,2024
"548","MN",0,2024-03-16,11,2024
"549","MN",0,2024-03-30,13,2024
"550","MN",0,2024-04-13,15,2024
"551","MN",0,2024-04-27,17,2024
"552","MN",0,2024-05-11,19,2024
"553","MN",0,2024-06-08,23,2024
"554","MN",0,2024-06-22,25,2024
"555","MN",0,2023-01-21,4,2023
"556","MN",1,2023-02-04,6,2023
"557","MN",1,2023-02-18,8,2023
"558","MN",1,2023-03-04,10,2023
"559","MN",1,2023-03-18,12,2023
"560","MN",0,2023-04-01,14,2023
"561","MN",0,2023-04-15,16,2023
"562","MN",0,2023-04-29,18,2023
"563","MN",0,2023-05-13,20,2023
"564","MN",0,2023-05-27,22,2023
"565","MN",0,2023-06-10,24,2023
"566","MN",0,2023-06-24,26,2023
"567","MN",0,2023-07-08,28,2023
"568","MN",0,2023-07-22,30,2023
"569","MN",0,2023-08-05,32,2023
"570","MN",1,2022-06-18,25,2022
"571","MN",1,2022-07-02,27,2022
"572","MN",1,2022-07-16,29,2022
"573","MN",1,2022-07-30,31,2022
"574","MN",1,2022-08-13,33,2022
"575","MN",1,2022-08-27,35,2022
"576","MN",0,2022-09-10,37,2022
"577","MN",0,2022-09-24,39,2022
"578","MN",0,2022-10-08,41,2022
"579","MN",0,2022-10-22,43,2022
"580","MN",0,2022-11-05,45,2022
"581","MN",0,2022-11-19,47,2022
"582","MN",0,2022-12-03,49,2022
"583","MN",0,2022-12-17,51,2022
"584","MN",0,2022-12-31,53,2022
"585","MN",1,2023-12-16,51,2023
"586","MN",1,2023-12-30,53,2023
"587","MN",1,2024-01-13,2,2024
"588","MN",1,2024-01-27,4,2024
"589","MN",0,2024-02-10,6,2024
"590","MN",0,2024-02-24,8,2024
"591","MN",0,2024-03-09,10,2024
"592","MN",0,2024-03-23,12,2024
"593","MN",0,2024-04-06,14,2024
"594","MN",0,2024-04-20,16,2024
"595","MN",0,2024-05-04,18,2024
"596","MN",0,2024-06-01,22,2024
"597","MN",0,2024-06-15,24,2024
"598","MN",1,2023-01-28,5,2023
"599","MN",1,2023-02-11,7,2023
"600","MN",1,2023-02-25,9,2023
"601","MN",1,2023-03-11,11,2023
"602","MN",1,2023-03-25,13,2023
"603","MN",0,2023-04-08,15,2023
"604","MN",0,2023-04-22,17,2023
"605","MN",0,2023-05-06,19,2023
"606","MN",0,2023-05-20,21,2023
"607","MN",0,2023-06-03,23,2023
"608","MN",0,2023-06-17,25,2023
"609","MN",0,2023-07-01,27,2023
"610","MN",0,2023-07-15,29,2023
"611","MN",0,2023-07-29,31,2023
"612","NM",0,2022-06-11,24,2022
"613","NM",1,2022-06-25,26,2022
"614","NM",1,2022-07-09,28,2022
"615","NM",1,2022-07-23,30,2022
"616","NM",1,2022-08-06,32,2022
"617","NM",1,2022-08-20,34,2022
"618","NM",0,2022-09-03,36,2022
"619","NM",0,2022-09-17,38,2022
"620","NM",0,2022-10-01,40,2022
"621","NM",0,2022-10-15,42,2022
"622","NM",0,2022-10-29,44,2022
"623","NM",0,2022-11-12,46,2022
"624","NM",0,2022-11-26,48,2022
"625","NM",0,2022-12-10,50,2022
"626","NM",0,2022-12-24,52,2022
"627","NM",0,2023-12-09,50,2023
"628","NM",1,2023-12-23,52,2023
"629","NM",1,2024-01-06,1,2024
"630","NM",1,2024-01-20,3,2024
"631","NM",0,2024-02-03,5,2024
"632","NM",0,2024-02-17,7,2024
"633","NM",0,2024-03-02,9,2024
"634","NM",0,2024-03-16,11,2024
"635","NM",0,2024-03-30,13,2024
"636","NM",0,2024-04-13,15,2024
"637","NM",0,2024-04-27,17,2024
"638","NM",0,2024-05-11,19,2024
"639","NM",0,2024-05-25,21,2024
"640","NM",0,2024-06-08,23,2024
"641","NM",0,2024-06-22,25,2024
"642","NM",0,2023-01-07,2,2023
"643","NM",1,2023-01-21,4,2023
"644","NM",1,2023-02-04,6,2023
"645","NM",1,2023-02-18,8,2023
"646","NM",1,2023-03-04,10,2023
"647","NM",1,2023-03-18,12,2023
"648","NM",1,2023-04-01,14,2023
"649","NM",0,2023-04-15,16,2023
"650","NM",0,2023-04-29,18,2023
"651","NM",0,2023-05-13,20,2023
"652","NM",0,2023-05-27,22,2023
"653","NM",0,2023-06-10,24,2023
"654","NM",0,2023-06-24,26,2023
"655","NM",0,2023-07-08,28,2023
"656","NM",0,2023-07-22,30,2023
"657","NM",0,2023-08-05,32,2023
"658","NM",0,2023-08-19,34,2023
"659","NM",1,2022-06-18,25,2022
"660","NM",1,2022-07-02,27,2022
"661","NM",1,2022-07-16,29,2022
"662","NM",1,2022-07-30,31,2022
"663","NM",1,2022-08-13,33,2022
"664","NM",1,2022-08-27,35,2022
"665","NM",0,2022-09-10,37,2022
"666","NM",0,2022-09-24,39,2022
"667","NM",0,2022-10-08,41,2022
"668","NM",0,2022-10-22,43,2022
"669","NM",0,2022-11-05,45,2022
"670","NM",0,2022-11-19,47,2022
"671","NM",0,2022-12-03,49,2022
"672","NM",0,2022-12-17,51,2022
"673","NM",1,2023-12-16,51,2023
"674","NM",1,2023-12-30,53,2023
"675","NM",1,2024-01-13,2,2024
"676","NM",1,2024-01-27,4,2024
"677","NM",0,2024-02-10,6,2024
"678","NM",0,2024-02-24,8,2024
"679","NM",0,2024-03-09,10,2024
"680","NM",0,2024-03-23,12,2024
"681","NM",0,2024-04-06,14,2024
"682","NM",0,2024-04-20,16,2024
"683","NM",0,2024-05-04,18,2024
"684","NM",0,2024-05-18,20,2024
"685","NM",0,2024-06-01,22,2024
"686","NM",0,2024-06-15,24,2024
"687","NM",1,2023-01-14,3,2023
"688","NM",1,2023-01-28,5,2023
"689","NM",1,2023-02-11,7,2023
"690","NM",1,2023-02-25,9,2023
"691","NM",1,2023-03-11,11,2023
"692","NM",1,2023-03-25,13,2023
"693","NM",0,2023-04-08,15,2023
"694","NM",0,2023-04-22,17,2023
"695","NM",0,2023-05-06,19,2023
"696","NM",0,2023-05-20,21,2023
"697","NM",0,2023-06-03,23,2023
"698","NM",0,2023-06-17,25,2023
"699","NM",0,2023-07-01,27,2023
"700","NM",0,2023-07-15,29,2023
"701","NM",0,2023-07-29,31,2023
"702","NM",0,2023-08-12,33,2023
"703","NY",0,2022-06-11,24,2022
"704","NY",1,2022-06-25,26,2022
"705","NY",1,2022-07-09,28,2022
"706","NY",1,2022-07-23,30,2022
"707","NY",1,2022-08-06,32,2022
"708","NY",1,2022-08-20,34,2022
"709","NY",0,2022-09-03,36,2022
"710","NY",0,2022-09-17,38,2022
"711","NY",0,2022-10-01,40,2022
"712","NY",0,2022-10-15,42,2022
"713","NY",0,2022-10-29,44,2022
"714","NY",0,2022-11-12,46,2022
"715","NY",0,2022-11-26,48,2022
"716","NY",0,2022-12-10,50,2022
"717","NY",0,2023-11-25,48,2023
"718","NY",1,2023-12-09,50,2023
"719","NY",1,2023-12-23,52,2023
"720","NY",1,2024-01-06,1,2024
"721","NY",1,2024-01-20,3,2024
"722","NY",0,2024-02-03,5,2024
"723","NY",0,2024-02-17,7,2024
"724","NY",0,2024-03-02,9,2024
"725","NY",0,2024-03-16,11,2024
"726","NY",0,2024-03-30,13,2024
"727","NY",0,2024-04-13,15,2024
"728","NY",0,2024-04-27,17,2024
"729","NY",0,2024-05-11,19,2024
"730","NY",0,2024-05-25,21,2024
"731","NY",0,2024-06-22,25,2024
"732","NY",0,2022-12-10,50,2022
"733","NY",1,2022-12-24,52,2022
"734","NY",1,2023-01-07,2,2023
"735","NY",1,2023-01-21,4,2023
"736","NY",1,2023-02-04,6,2023
"737","NY",1,2023-02-18,8,2023
"738","NY",1,2023-03-04,10,2023
"739","NY",0,2023-03-18,12,2023
"740","NY",0,2023-04-01,14,2023
"741","NY",0,2023-04-15,16,2023
"742","NY",0,2023-04-29,18,2023
"743","NY",0,2023-05-13,20,2023
"744","NY",0,2023-05-27,22,2023
"745","NY",0,2023-06-10,24,2023
"746","NY",0,2023-06-24,26,2023
"747","NY",0,2023-07-08,28,2023
"748","NY",0,2023-07-22,30,2023
"749","NY",1,2022-06-18,25,2022
"750","NY",1,2022-07-02,27,2022
"751","NY",1,2022-07-16,29,2022
"752","NY",1,2022-07-30,31,2022
"753","NY",1,2022-08-13,33,2022
"754","NY",0,2022-08-27,35,2022
"755","NY",0,2022-09-10,37,2022
"756","NY",0,2022-09-24,39,2022
"757","NY",0,2022-10-08,41,2022
"758","NY",0,2022-10-22,43,2022
"759","NY",0,2022-11-05,45,2022
"760","NY",0,2022-11-19,47,2022
"761","NY",0,2022-12-03,49,2022
"762","NY",1,2023-12-02,49,2023
"763","NY",1,2023-12-16,51,2023
"764","NY",1,2023-12-30,53,2023
"765","NY",1,2024-01-13,2,2024
"766","NY",1,2024-01-27,4,2024
"767","NY",0,2024-02-10,6,2024
"768","NY",0,2024-02-24,8,2024
"769","NY",0,2024-03-09,10,2024
"770","NY",0,2024-03-23,12,2024
"771","NY",0,2024-04-06,14,2024
"772","NY",0,2024-04-20,16,2024
"773","NY",0,2024-05-04,18,2024
"774","NY",0,2024-05-18,20,2024
"775","NY",0,2024-06-15,24,2024
"776","NY",1,2022-12-17,51,2022
"777","NY",1,2022-12-31,53,2022
"778","NY",1,2023-01-14,3,2023
"779","NY",1,2023-01-28,5,2023
"780","NY",1,2023-02-11,7,2023
"781","NY",1,2023-02-25,9,2023
"782","NY",0,2023-03-11,11,2023
"783","NY",0,2023-03-25,13,2023
"784","NY",0,2023-04-08,15,2023
"785","NY",0,2023-04-22,17,2023
"786","NY",0,2023-05-06,19,2023
"787","NY",0,2023-05-20,21,2023
"788","NY",0,2023-06-03,23,2023
"789","NY",0,2023-06-17,25,2023
"790","NY",0,2023-07-01,27,2023
"791","NY",0,2023-07-15,29,2023
"792","OH",0,2022-06-11,24,2022
"793","OH",1,2022-06-25,26,2022
"794","OH",1,2022-07-09,28,2022
"795","OH",1,2022-07-23,30,2022
"796","OH",1,2022-08-06,32,2022
"797","OH",1,2022-08-20,34,2022
"798","OH",1,2022-09-03,36,2022
"799","OH",0,2022-09-17,38,2022
"800","OH",0,2022-10-01,40,2022
"801","OH",0,2022-10-15,42,2022
"802","OH",0,2022-10-29,44,2022
"803","OH",0,2022-11-12,46,2022
"804","OH",0,2022-11-26,48,2022
"805","OH",0,2022-12-10,50,2022
"806","OH",0,2022-12-24,52,2022
"807","OH",0,2023-01-07,2,2023
"808","OH",0,2023-12-09,50,2023
"809","OH",1,2023-12-23,52,2023
"810","OH",1,2024-01-06,1,2024
"811","OH",1,2024-01-20,3,2024
"812","OH",0,2024-02-03,5,2024
"813","OH",0,2024-02-17,7,2024
"814","OH",0,2024-03-02,9,2024
"815","OH",0,2024-03-16,11,2024
"816","OH",0,2024-03-30,13,2024
"817","OH",0,2024-04-13,15,2024
"818","OH",0,2024-04-27,17,2024
"819","OH",0,2024-05-11,19,2024
"820","OH",0,2024-06-08,23,2024
"821","OH",0,2024-06-22,25,2024
"822","OH",0,2023-01-21,4,2023
"823","OH",1,2023-02-04,6,2023
"824","OH",1,2023-02-18,8,2023
"825","OH",1,2023-03-04,10,2023
"826","OH",1,2023-03-18,12,2023
"827","OH",0,2023-04-01,14,2023
"828","OH",0,2023-04-15,16,2023
"829","OH",0,2023-04-29,18,2023
"830","OH",0,2023-05-13,20,2023
"831","OH",0,2023-05-27,22,2023
"832","OH",0,2023-06-10,24,2023
"833","OH",0,2023-06-24,26,2023
"834","OH",0,2023-07-08,28,2023
"835","OH",0,2023-07-22,30,2023
"836","OH",0,2023-08-05,32,2023
"837","OH",1,2022-06-18,25,2022
"838","OH",1,2022-07-02,27,2022
"839","OH",1,2022-07-16,29,2022
"840","OH",1,2022-07-30,31,2022
"841","OH",1,2022-08-13,33,2022
"842","OH",1,2022-08-27,35,2022
"843","OH",0,2022-09-10,37,2022
"844","OH",0,2022-09-24,39,2022
"845","OH",0,2022-10-08,41,2022
"846","OH",0,2022-10-22,43,2022
"847","OH",0,2022-11-05,45,2022
"848","OH",0,2022-11-19,47,2022
"849","OH",0,2022-12-03,49,2022
"850","OH",0,2022-12-17,51,2022
"851","OH",0,2022-12-31,53,2022
"852","OH",1,2023-12-16,51,2023
"853","OH",1,2023-12-30,53,2023
"854","OH",1,2024-01-13,2,2024
"855","OH",1,2024-01-27,4,2024
"856","OH",0,2024-02-10,6,2024
"857","OH",0,2024-02-24,8,2024
"858","OH",0,2024-03-09,10,2024
"859","OH",0,2024-03-23,12,2024
"860","OH",0,2024-04-06,14,2024
"861","OH",0,2024-04-20,16,2024
"862","OH",0,2024-05-04,18,2024
"863","OH",0,2024-06-01,22,2024
"864","OH",0,2024-06-15,24,2024
"865","OH",1,2023-01-28,5,2023
"866","OH",1,2023-02-11,7,2023
"867","OH",1,2023-02-25,9,2023
"868","OH",1,2023-03-11,11,2023
"869","OH",1,2023-03-25,13,2023
"870","OH",0,2023-04-08,15,2023
"871","OH",0,2023-04-22,17,2023
"872","OH",0,2023-05-06,19,2023
"873","OH",0,2023-05-20,21,2023
"874","OH",0,2023-06-03,23,2023
"875","OH",0,2023-06-17,25,2023
"876","OH",0,2023-07-01,27,2023
"877","OH",0,2023-07-15,29,2023
"878","OH",0,2023-07-29,31,2023
"879","OR",0,2022-06-11,24,2022
"880","OR",1,2022-06-25,26,2022
"881","OR",1,2022-07-09,28,2022
"882","OR",1,2022-07-23,30,2022
"883","OR",1,2022-08-06,32,2022
"884","OR",1,2022-08-20,34,2022
"885","OR",0,2022-09-03,36,2022
"886","OR",0,2022-09-17,38,2022
"887","OR",0,2022-10-01,40,2022
"888","OR",0,2022-10-15,42,2022
"889","OR",0,2022-10-29,44,2022
"890","OR",0,2022-11-12,46,2022
"891","OR",0,2022-11-26,48,2022
"892","OR",0,2022-12-10,50,2022
"893","OR",0,2022-12-24,52,2022
"894","OR",0,2023-01-07,2,2023
"895","OR",0,2023-01-21,4,2023
"896","OR",0,2023-12-09,50,2023
"897","OR",1,2023-12-23,52,2023
"898","OR",1,2024-01-06,1,2024
"899","OR",1,2024-01-20,3,2024
"900","OR",0,2024-02-03,5,2024
"901","OR",0,2024-02-17,7,2024
"902","OR",0,2024-03-02,9,2024
"903","OR",0,2024-03-16,11,2024
"904","OR",0,2024-03-30,13,2024
"905","OR",0,2024-04-13,15,2024
"906","OR",0,2024-04-27,17,2024
"907","OR",0,2024-05-11,19,2024
"908","OR",0,2024-05-25,21,2024
"909","OR",0,2024-06-08,23,2024
"910","OR",0,2024-06-22,25,2024
"911","OR",0,2024-07-06,27,2024
"912","OR",0,2023-01-21,4,2023
"913","OR",1,2023-02-04,6,2023
"914","OR",1,2023-02-18,8,2023
"915","OR",1,2023-03-04,10,2023
"916","OR",1,2023-03-18,12,2023
"917","OR",0,2023-04-01,14,2023
"918","OR",0,2023-04-15,16,2023
"919","OR",0,2023-04-29,18,2023
"920","OR",0,2023-05-13,20,2023
"921","OR",0,2023-05-27,22,2023
"922","OR",0,2023-06-10,24,2023
"923","OR",0,2023-06-24,26,2023
"924","OR",0,2023-07-08,28,2023
"925","OR",0,2023-07-22,30,2023
"926","OR",0,2023-08-05,32,2023
"927","OR",1,2022-06-18,25,2022
"928","OR",1,2022-07-02,27,2022
"929","OR",1,2022-07-16,29,2022
"930","OR",1,2022-07-30,31,2022
"931","OR",1,2022-08-13,33,2022
"932","OR",1,2022-08-27,35,2022
"933","OR",0,2022-09-10,37,2022
"934","OR",0,2022-09-24,39,2022
"935","OR",0,2022-10-08,41,2022
"936","OR",0,2022-10-22,43,2022
"937","OR",0,2022-11-05,45,2022
"938","OR",0,2022-11-19,47,2022
"939","OR",0,2022-12-03,49,2022
"940","OR",0,2022-12-17,51,2022
"941","OR",0,2022-12-31,53,2022
"942","OR",0,2023-01-14,3,2023
"943","OR",1,2023-12-16,51,2023
"944","OR",1,2023-12-30,53,2023
"945","OR",1,2024-01-13,2,2024
"946","OR",1,2024-01-27,4,2024
"947","OR",0,2024-02-10,6,2024
"948","OR",0,2024-02-24,8,2024
"949","OR",0,2024-03-09,10,2024
"950","OR",0,2024-03-23,12,2024
"951","OR",0,2024-04-06,14,2024
"952","OR",0,2024-04-20,16,2024
"953","OR",0,2024-05-04,18,2024
"954","OR",0,2024-05-18,20,2024
"955","OR",0,2024-06-01,22,2024
"956","OR",0,2024-06-15,24,2024
"957","OR",0,2024-06-29,26,2024
"958","OR",1,2023-01-28,5,2023
"959","OR",1,2023-02-11,7,2023
"960","OR",1,2023-02-25,9,2023
"961","OR",1,2023-03-11,11,2023
"962","OR",1,2023-03-25,13,2023
"963","OR",0,2023-04-08,15,2023
"964","OR",0,2023-04-22,17,2023
"965","OR",0,2023-05-06,19,2023
"966","OR",0,2023-05-20,21,2023
"967","OR",0,2023-06-03,23,2023
"968","OR",0,2023-06-17,25,2023
"969","OR",0,2023-07-01,27,2023
"970","OR",0,2023-07-15,29,2023
"971","OR",0,2023-07-29,31,2023
"972","TN",0,2022-06-11,24,2022
"973","TN",1,2022-06-25,26,2022
"974","TN",1,2022-07-09,28,2022
"975","TN",1,2022-07-23,30,2022
"976","TN",1,2022-08-06,32,2022
"977","TN",1,2022-08-20,34,2022
"978","TN",0,2022-09-03,36,2022
"979","TN",0,2022-09-17,38,2022
"980","TN",0,2022-10-01,40,2022
"981","TN",0,2022-10-15,42,2022
"982","TN",0,2022-10-29,44,2022
"983","TN",0,2022-11-12,46,2022
"984","TN",0,2022-11-26,48,2022
"985","TN",0,2022-12-10,50,2022
"986","TN",0,2022-12-24,52,2022
"987","TN",0,2023-12-09,50,2023
"988","TN",1,2023-12-23,52,2023
"989","TN",1,2024-01-06,1,2024
"990","TN",1,2024-01-20,3,2024
"991","TN",0,2024-02-03,5,2024
"992","TN",0,2024-02-17,7,2024
"993","TN",0,2024-03-02,9,2024
"994","TN",0,2024-03-16,11,2024
"995","TN",0,2024-03-30,13,2024
"996","TN",0,2024-04-13,15,2024
"997","TN",0,2024-04-27,17,2024
"998","TN",0,2024-05-11,19,2024
"999","TN",0,2023-01-07,2,2023
"1000","TN",1,2023-01-21,4,2023
"1001","TN",1,2023-02-04,6,2023
"1002","TN",1,2023-02-18,8,2023
"1003","TN",1,2023-03-04,10,2023
"1004","TN",1,2023-03-18,12,2023
"1005","TN",1,2023-04-01,14,2023
"1006","TN",0,2023-04-15,16,2023
"1007","TN",0,2023-04-29,18,2023
"1008","TN",0,2023-05-13,20,2023
"1009","TN",0,2023-05-27,22,2023
"1010","TN",0,2023-06-10,24,2023
"1011","TN",0,2023-06-24,26,2023
"1012","TN",0,2023-07-08,28,2023
"1013","TN",0,2023-07-22,30,2023
"1014","TN",0,2023-08-05,32,2023
"1015","TN",1,2022-06-18,25,2022
"1016","TN",1,2022-07-02,27,2022
"1017","TN",1,2022-07-16,29,2022
"1018","TN",1,2022-07-30,31,2022
"1019","TN",1,2022-08-13,33,2022
"1020","TN",1,2022-08-27,35,2022
"1021","TN",0,2022-09-10,37,2022
"1022","TN",0,2022-09-24,39,2022
"1023","TN",0,2022-10-08,41,2022
"1024","TN",0,2022-10-22,43,2022
"1025","TN",0,2022-11-05,45,2022
"1026","TN",0,2022-11-19,47,2022
"1027","TN",0,2022-12-03,49,2022
"1028","TN",0,2022-12-17,51,2022
"1029","TN",1,2023-12-16,51,2023
"1030","TN",1,2023-12-30,53,2023
"1031","TN",1,2024-01-13,2,2024
"1032","TN",1,2024-01-27,4,2024
"1033","TN",0,2024-02-10,6,2024
"1034","TN",0,2024-02-24,8,2024
"1035","TN",0,2024-03-09,10,2024
"1036","TN",0,2024-03-23,12,2024
"1037","TN",0,2024-04-06,14,2024
"1038","TN",0,2024-04-20,16,2024
"1039","TN",0,2024-05-04,18,2024
"1040","TN",1,2023-01-14,3,2023
"1041","TN",1,2023-01-28,5,2023
"1042","TN",1,2023-02-11,7,2023
"1043","TN",1,2023-02-25,9,2023
"1044","TN",1,2023-03-11,11,2023
"1045","TN",1,2023-03-25,13,2023
"1046","TN",0,2023-04-08,15,2023
"1047","TN",0,2023-04-22,17,2023
"1048","TN",0,2023-05-06,19,2023
"1049","TN",0,2023-05-20,21,2023
"1050","TN",0,2023-06-03,23,2023
"1051","TN",0,2023-06-17,25,2023
"1052","TN",0,2023-07-01,27,2023
"1053","TN",0,2023-07-15,29,2023
"1054","TN",0,2023-07-29,31,2023
"1055","UT",0,2022-06-11,24,2022
"1056","UT",1,2022-06-25,26,2022
"1057","UT",1,2022-07-09,28,2022
"1058","UT",1,2022-07-23,30,2022
"1059","UT",1,2022-08-06,32,2022
"1060","UT",1,2022-08-20,34,2022
"1061","UT",1,2022-09-03,36,2022
"1062","UT",0,2022-09-17,38,2022
"1063","UT",0,2022-10-01,40,2022
"1064","UT",0,2022-10-15,42,2022
"1065","UT",0,2022-10-29,44,2022
"1066","UT",0,2022-11-12,46,2022
"1067","UT",0,2022-11-26,48,2022
"1068","UT",0,2022-12-10,50,2022
"1069","UT",0,2022-12-24,52,2022
"1070","UT",0,2023-01-07,2,2023
"1071","UT",0,2023-01-21,4,2023
"1072","UT",0,2023-12-09,50,2023
"1073","UT",1,2023-12-23,52,2023
"1074","UT",1,2024-01-06,1,2024
"1075","UT",1,2024-01-20,3,2024
"1076","UT",0,2024-02-03,5,2024
"1077","UT",0,2024-02-17,7,2024
"1078","UT",0,2024-03-02,9,2024
"1079","UT",0,2024-03-16,11,2024
"1080","UT",0,2024-03-30,13,2024
"1081","UT",0,2024-04-13,15,2024
"1082","UT",0,2024-04-27,17,2024
"1083","UT",0,2024-05-11,19,2024
"1084","UT",0,2024-05-25,21,2024
"1085","UT",0,2023-01-21,4,2023
"1086","UT",1,2023-02-04,6,2023
"1087","UT",1,2023-02-18,8,2023
"1088","UT",1,2023-03-04,10,2023
"1089","UT",1,2023-03-18,12,2023
"1090","UT",0,2023-04-01,14,2023
"1091","UT",1,2023-04-15,16,2023
"1092","UT",0,2023-04-29,18,2023
"1093","UT",0,2023-05-13,20,2023
"1094","UT",0,2023-05-27,22,2023
"1095","UT",0,2023-06-10,24,2023
"1096","UT",0,2023-06-24,26,2023
"1097","UT",0,2023-07-08,28,2023
"1098","UT",0,2023-07-22,30,2023
"1099","UT",1,2022-06-18,25,2022
"1100","UT",1,2022-07-02,27,2022
"1101","UT",1,2022-07-16,29,2022
"1102","UT",1,2022-07-30,31,2022
"1103","UT",1,2022-08-13,33,2022
"1104","UT",1,2022-08-27,35,2022
"1105","UT",0,2022-09-10,37,2022
"1106","UT",0,2022-09-24,39,2022
"1107","UT",0,2022-10-08,41,2022
"1108","UT",0,2022-10-22,43,2022
"1109","UT",0,2022-11-05,45,2022
"1110","UT",0,2022-11-19,47,2022
"1111","UT",0,2022-12-03,49,2022
"1112","UT",0,2022-12-17,51,2022
"1113","UT",0,2022-12-31,53,2022
"1114","UT",0,2023-01-14,3,2023
"1115","UT",1,2023-12-16,51,2023
"1116","UT",1,2023-12-30,53,2023
"1117","UT",1,2024-01-13,2,2024
"1118","UT",1,2024-01-27,4,2024
"1119","UT",0,2024-02-10,6,2024
"1120","UT",0,2024-02-24,8,2024
"1121","UT",0,2024-03-09,10,2024
"1122","UT",0,2024-03-23,12,2024
"1123","UT",0,2024-04-06,14,2024
"1124","UT",0,2024-04-20,16,2024
"1125","UT",0,2024-05-04,18,2024
"1126","UT",0,2024-05-18,20,2024
"1127","UT",1,2023-01-28,5,2023
"1128","UT",1,2023-02-11,7,2023
"1129","UT",1,2023-02-25,9,2023
"1130","UT",1,2023-03-11,11,2023
"1131","UT",0,2023-03-25,13,2023
"1132","UT",0,2023-04-08,15,2023
"1133","UT",0,2023-04-22,17,2023
"1134","UT",0,2023-05-06,19,2023
"1135","UT",0,2023-05-20,21,2023
"1136","UT",0,2023-06-03,23,2023
"1137","UT",0,2023-06-17,25,2023
"1138","UT",0,2023-07-01,27,2023
"1139","UT",0,2023-07-15,29,2023
